use experium;
INSERT INTO users (firstname, lastname, email, phone) VALUES
('Алевтина', 'Морозова', 'kdibbe@example.com', 74562234545),
('Павел', 'Кротов', 'kro@example.com', 74567373783),
('Борис', 'Абелев', 'abdullaev@example.com', 948448458),
('Александр', 'Аболмасов', 'abdulik@example.com', 959659599),
('Григорий', 'Абрамов', '120750@example.com', 9899498848),
('Елена', 'Абрамушкина', 'abramova@example.com', 78484949848),
('Ксения', 'Карасева', 'rimma@example.com', 2131231231),
('Артем', 'Карапетов', 'art@example.com', 1515151551),
('Эдуард', 'Карапетян', 'уа@example.com', 49494487987),
('Вероника', 'Каринцева', 'nikaa@example.com', 21313212132),
('Руслан', 'Данилевич', 'Dandurov@example.com', 66467484684),
('Анастасия', 'Данилова', 'danilov@example.com', 152135436115),
('Виктория', 'Филипенко', 'filina@example.com', 48484984848),
('Нина', 'Филоненко', 'filippova@example.com', 784984465498),
('Антон', 'Филифоров', 'filiptsev@example.com', 789784879889),
('Алексей', 'Румянцев', 'elen1@gexample.com', 455565999842),
('Полина', 'Русакова', 'crumy@example.com', 7949898498),
('Кристина', 'Румянцева', 'arum@example.com', 15632323623),
('Михаил', 'Руснак', 'rusinov@example.com', 4884988498498),
('Даниил', 'Мещанинов', 'mesheryakova@example.com', 4985643563),
('Станислав', 'Мигунов', 'julia@example.com', 6545456),
('Дмитрий', 'Метелев', 'evgeniya@example.com', 13535336),
('Татьяна', 'Леонхард', 'leonhard@example.com', 154684648),
('Алексей', 'Лепеев', 'sulim@example.com', 97896984),
('Антон', 'Лапенко', 'letik@example.com', 132132121),
('Тимофей', 'Либерт', 'olga@example.com', 74562234545),
('Максим', 'Литвинов', 'awd@example.com', 48848468),
('Кирилл', 'Листин', 'sitsyn@example.com', 484844989),
('Сергей', 'Ломов', 'lokta@example.com', 8484984),
('Юрий', 'Пряхин', 'zkde@example.com', 1646616165),
('Семен', 'Прядкин', 'prytn@example.com', 84849489),
('Анна', 'Путинцева', 'annaput@example.com', 13216513561),
('Екатерина', 'Пучкова', 'sozda@example.com', 874884448),
('Юлия', 'Семигина', 'ysema@example.com', 6525978412),
('Светлана', 'Сенатская', 'senatv@example.com', 2318962),
('Дмитрий', 'Сенин', 'seni@example.com', 7989885),
('Константин', 'Токмаков', 'tokareva@example.com', 7894212),
('Ирина', 'Токарева', 'itoka@example.com', 585845525),
('Антон', 'Толкунов', 'chita@example.com', 36934572),
('Наталья', 'Толстова', 'tolstova@example.com', 51215142),
('Дарья', 'Ульянова', 'kamilla@example.com', 7848457),
('Андрей', 'Ументаев', 'umentv@example.com', 43643536),
('Денис', 'Унжаков', 'ykt@example.com', 789156681135),
('Игорь', 'Усков', 'aus@example.com', 13543253),
('Татьяна', 'Ушкова', 'ushk@example.com', 47984898498),
('Олег', 'Хамдамов', 'xala@example.com', 7994165),
('Максим', 'Буркин', 'bur@example.com', 48955646546),
('Светлана', 'Буркова', 'burl@example.com', 89648494),
('Марина', 'Бусловская', 'YL@example.com', 9846565465),
('Евгений', 'Буташев', 'burch@example.com', 98446464),
('Жанна', 'Бухарина', 'but@example.com', 849464984),
('Любовь', 'Быкова', 'kova@example.com', 69354164),
('Амир', 'Валиев', 'sfeld@example.com', 889313315),
('Сергей', 'Валишев', 'dir@example.com', 1542422124),
('Мария', 'Василькова', 'vasilya@example.com', 895996864),
('Ольга', 'Гусева', 'soa@example.com', 356436462646),
('Марина', 'Гущина', 'kar@example.com', 4845646518648),
('Нина', 'Говорова', 'kkov@example.com', 12325132124),
('Лариса', 'Ермакова', 'lkl@example.com', 895989132),
('Жанна', 'Елина', 'ov@example.com', 484841874);


INSERT INTO users_profiles (user_id, gender, birthday, hometown, `comment`) VALUES
(1, 'f', '1987-10-04', 'Москва', null),
(2, 'm', '1983-06-14', 'Санкт-Петербург', 'пока не готов к переезду'),
(3, 'm', '1986-02-21', 'Москва', null),
(4, 'm', '1985-01-07', 'Москва', null),
(5, 'm', '1986-12-04', 'Екатерингбург', null),
(6, 'f', '1987-04-21', 'Москва', null),
(7, 'f', '1973-05-22', 'Москва', null),
(8, 'm', '1976-01-05', 'Москва', null),
(9, 'm', '1979-12-28', 'Нижний Новгород', null),
(11, 'm', '1988-06-24', 'Москва', null),
(12, 'f', '1984-11-19', 'Москва', null),
(13, 'f', '1984-08-09', 'Екатерингбург', null),
(14, 'f', '1983-12-03', 'Москва', null),
(15, 'm', '1983-11-05', 'Москва', null),
(16, 'm', '1983-10-07', 'Санкт-Петербург', null),
(17, 'f', '1982-09-08', 'Екатерингбург', null),
(18, 'f', '1981-08-10', 'Екатерингбург', null),
(19, 'm', '1982-07-12', 'Москва', null),
(20, 'm', '1989-06-13', 'Москва', 'будет искать работу осенью'),
(21, 'm', '1989-05-14', 'Краснодар', null),
(22, 'm', '1988-04-15', 'Нижний Новгород', null),
(24, 'm', '1985-03-16', 'Москва', null),
(25, 'm', '1978-03-01', 'Москва', null),
(26, 'm', '1978-02-02', 'Нижний Новгород', null),
(27, 'm', '1979-01-04', 'Москва', null),
(28, 'm', '1975-03-06', 'Москва', null),
(29, 'm', '1984-03-17', 'Краснодар', null),
(30, 'm', '1984-07-18', 'Санкт-Петербург', null),
(31, 'm', '1986-07-19', 'Санкт-Петербург', null),
(32, 'f', '1987-07-20', 'Москва', null),
(33, 'f', '1981-03-21', 'Ярославль', null),
(34, 'f', '1982-03-22', 'Москва', null),
(35, 'f', '1981-02-23', 'Санкт-Петербург', null),
(36, 'm', '1980-11-24', 'Москва', null),
(37, 'm', '1985-11-25', 'Москва', 'хороший опыт'),
(38, 'f', '1980-09-26', 'Ярославль', null),
(39, 'm', '1987-09-27', 'Москва', null),
(40, 'f', '1989-09-28', 'Москва', null),
(45, 'f', '1974-11-29', 'Москва', null),
(46, 'm', '1979-10-30', 'Москва', null),
(47, 'm', '1978-10-31', 'Москва', null),
(48, 'f', '1986-08-12', 'Санкт-Петербург', null),
(49, 'f', '1985-08-15', 'Москва', null),
(50, 'm', '1984-08-18', 'Ярославль', null),
(51, 'f', '1988-04-19', 'Москва', null),
(44, 'm', '1990-04-23', 'Нижний Новгород', null),
(43, 'm', '1991-05-26', 'Москва', null),
(42, 'm', '1992-12-28', 'Москва', null),
(53, 'm', '1994-10-24', 'Москва', null),
(54, 'm', '1990-02-15', 'Москва', null),
(52, 'f', '1989-04-19', 'Москва', null),
(55, 'f', '1984-05-29', 'Москва', null),
(56, 'f', '1985-06-09', 'Москва', null),
(57, 'f', '1979-07-05', 'Москва', null),
(58, 'f', '1980-08-23', 'Москва', null),
(59, 'f', '1983-09-14', 'Москва', null);

INSERT INTO companies (name, fullname) VALUES
('ТехноНиколь', null),
('ЭНГС', 'Эриэлл НефтегазСервис'),
('РН-БВК', 'РН-Ближневосточная Компания'),
('Абсолют Банк', null),
('ГПБ', 'Газпромбанк'),
('Мираторг', null),
('Семейный доктор', 'Сеть медицинских центров Семейный доктор'),
('Перекресток', 'Х5 Retail Group'),
('ПГК', 'Первая Грузовая Компания'),
('УралКалий', null),
('RC', 'Redstone Capital'),
('Yota', 'Скартел'),
('Abbott', null),
('KASPERSKY', null),
('Группа Черкизово', null),
('СДЭК', null),
('Mariott Grand Hotel', null),
('РСК МиГ', null),
('Ситилинк', null),
('РФПИ', 'Российский Фонд Прямых Инвестиций');

INSERT INTO companies_profiles (company_id, email, phone, adress, `comment`) VALUES
(1, null, 543223232, 'ул. Якиманка, д. 54', 'сложные отношения с HRD'),
(2, 'winnifred.beer@example.com', 229282661, null, 'лояльный клиент'),
(3, 'effie.fay@example.net', 1714405977, 'Москва, ул Артамонова, 14', null),
(4, 'ibruen@example.net', 1413377, 'Москва, Цветной б-р, д.18,', null),
(5, 'qryan@example.net', 7174449, null, null),
(8, null, 34680749384, null, null),
(9, 'lavon32@example.com', 301823146, null, null),
(10, 'cparisian@example.com', 1846451, 'г. Березники', 'клиент с 2014 года'),
(11, 'manuela.kuhn@example.org', 467467977, null, null),
(12, null, 69898979, 'Москва', null),
(15, 'fromaguera@example.com', 3232313531, null, 'поменялось руководтство'),
(18, null, 454157454, 'Москва, 1й Боткинский пр-д, д. 11', null),
(19, null, 5955351559, 'Москва', null),
(20, 'ubruen@example.com', 84328449, 'Москва, Пресненская наб., д. 13', 'работают только через тендеры');


INSERT INTO sector (id, name) VALUES
(1, 'промышленность'),
(2, 'агро'),
(3, 'медицина'),
(4, 'фарма'),
(5, 'инвестиции'),
(6, 'банки'),
(7, 'retail'),
(8, 'FMCG'),
(9, 'e-commerce'),
(10, 'авиа'),
(11, 'логистика'),
(12, 'ho-re-ca'),
(13, 'it'),
(14, 'ювелирка');

INSERT INTO positions (id, name) VALUES
(1, 'Генеральный директор'),
(2, 'Советник'),
(3, 'Вице-президент'),
(4, 'Финансовый директор'),
(5, 'Коммерческий директор'),
(6, 'Заместитель генерального директора'),
(7, 'Директор по продажам'),
(8, 'Директор по маркетингу'),
(9, 'Директор по логистике'),
(10, 'Главный бухгалтер'),
(11, 'Директор по персоналу'),
(12, 'Руководитель отдела по работе с клиентами');

INSERT INTO users_sector (user_id, sector_id) VALUES
(1, 6),
(1, 5),
(2, 1),
(3, 8),
(4, 12),
(5, 9),
(6, 7),
(6, 11),
(6, 9),
(7, 2),
(8, 3),
(9, 4),
(9, 3),
(10, 5),
(11, 12),
(12, 11),
(13, 10),
(14, 9),
(15, 8),
(16, 7),
(17, 6),
(18, 5),
(19, 4),
(20, 3),
(20, 4),
(21, 2),
(21, 1),
(22, 1),
(23, 2),
(24, 4),
(25, 6),
(25, 5),
(26, 8),
(27, 10),
(28, 12),
(29, 1),
(30, 3),
(31, 5),
(32, 7),
(33, 9),
(34, 11),
(34, 7),
(34, 9),
(35, 5),
(36, 10),
(37, 9),
(38, 6),
(39, 3),
(40, 2),
(41, 8),
(42, 4),
(42, 3),
(43, 11),
(44, 12),
(45, 6),
(45, 5),
(46, 7),
(47, 4),
(48, 3),
(49, 9),
(50, 11),
(51, 2),
(51, 1);

INSERT INTO companies_sector (company_id, sector_id) VALUES
(1, 1),
(2, 1),
(3, 1),
(4, 6),
(4, 5),
(5, 6),
(6, 2),
(6, 7),
(6, 8),
(7, 3),
(8, 7),
(9, 11),
(10, 1),
(11, 5),
(12, 13),
(13, 4),
(14, 13),
(15, 8),
(15, 2),
(16, 11),
(17, 12),
(18, 10),
(19, 9),
(20, 5);

INSERT INTO users_companies (user_id, company_id, position_id) VALUES
(5, 9, 1),
(8, 9, 7),
(15, 9, 5),
(20, 9, 9),
(50, 9, 10),
(47, 10, 5),
(52, 10, 9),
(40, 8, 10),
(1, 4, 11),
(2, 1, null),
(45, 1, 11),
(18, 1, 12),
(6, 1, 4),
(36, 4, 6),
(39, 4, 7),
(27, 4, 12),
(51, 4, 11),
(14, 4, null),
(4, 4, null),
(10, 4, 10),
(48, 5, 9),
(33, 2, 8),
(24, 3, 5),
(19, 2, 4),
(41, 6, 3),
(31, 6, 2),
(21, 6, 1),
(60, 9, 7);

INSERT INTO documents_type (name) VALUES
('резюме'),
('рекомендации'),
('оффер'),
('договор'),
('дополнительное соглашение'),
('презентация');

INSERT INTO users_documents (user_id, documents_type_id, filename, size, `comment`) VALUES
(1, 1, 'резюме на англ.', 36, 'обновить резюме на русском'),
(1, 2, 'рекомендации от Асконы', 12, null),
(2, 1, 'резюме', 54, null),
(18, 1, 'резюме', 34, null),
(19, 1, 'резюме', 33, null),
(44, 1, 'резюме', 45, 'запросить резюме на английском'),
(37, 2, 'рекомендации', 54, null),
(26, 1, 'резюме', 43, null),
(28, 1, 'резюме', 42, null),
(51, 1, 'резюме', 25, null),
(20, 2, 'рекомендации', 54, null),
(30, 1, 'резюме', 37, null);

INSERT INTO companies_documents (company_id, documents_type_id, filename, size, `comment`) VALUES
(1, 4, 'договор 2020', 312, null),
(2, 4, 'договор', 334, 'не может превышать 2 млн руб'),
(4, 4, 'договор 2018', 287, 'истек, продлить!'),
(4, 5, 'доп. соглашение', 47, 'дс о продлении договора'),
(5, 6, 'презентация', 315, null),
(8, 4, 'договор', 298, null),
(9, 4, 'договор', 287, 'продлить'),
(9, 5, 'доп соглашение', 23, 'об изменени цены'),
(16, 6, 'презентация', 154, null),
(18, 4, 'договор', 287, 'продлить'),
(18, 5, 'доп соглашение', 17, null),
(20, 4, 'договор', 378, 'по результатам тендера');

INSERT INTO order_status (name) VALUES
('новый проект'),
('в работе'),
('завершен'),
('отменен заказчиком');

INSERT INTO orders (company_id, order_status_id, position_id, created_at) VALUES
(9, 3, 1, '2019-10-05'),
(9, 3, 7, '2019-10-11'),
(9, 3, 5, '2019-09-28'),
(9, 3, 9, '2019-10-18'),
(9, 3, 10, '2019-10-23'),
(9, 2, 4, '2020-03-06'),
(9, 2, 6, '2019-12-15'),
(9, 2, 8, '2019-11-13'),
(9, 1, 12, '2020-04-04'),
(10, 3, 5, '2019-08-29'),
(10, 3, 9, '2019-11-30'),
(10, 2, 5, '2019-12-19'),
(10, 2, 11, '2020-01-15'),
(10, 1, 8, '2020-06-03'),
(10, 1, 9, '2020-04-27'),
(8, 3, 10, '2020-03-09'),
(8, 1, 11, '2020-05-22');

INSERT INTO user_status (name) VALUES
('кандидат'),
('претендент'),
('финалист'),
('исключен');

INSERT INTO users_orders (order_id, user_id, user_status_id, `comment`) VALUES
(1, 1, 2, null),
(1, 2, 2, null),
(1, 3, 2, null),
(1, 11, 2, null),
(1, 12, 2, null),
(1, 13, 2, null),
(1, 14, 2, null),
(1, 4, 4, 'не подошел по опыту'),
(1, 5, 3, null),
(2, 6, 2, null),
(2, 7, 2, null),
(2, 8, 3, null),
(2, 9, 4, 'отрицательные рекомендации'),
(3, 10, 2, null),
(3, 15, 3, null),
(3, 16, 2, null),
(3, 17, 2, null),
(4, 18, 2, null),
(4, 4, 2, null),
(4, 3, 4, null),
(4, 19, 2, null),
(4, 20, 3, null),
(5, 50, 3, null),
(6, 22, 1, null),
(6, 23, 2, null),
(6, 24, 1, null),
(6, 1, 2, null),
(6, 25, 1, null),
(6, 26, 1, null),
(6, 28, 2, null),
(6, 29, 2, null),
(7, 30, 4, 'не подошел по гороскопу'),
(7, 32, 2, null),
(7, 34, 2, null),
(7, 35, 1, null),
(7, 3, 1, null),
(7, 7, 1, null),
(8, 37, 1, null),
(8, 40, 2, null),
(8, 42, 2, null),
(8, 12, 2, null),
(10, 42, 2, null),
(10, 17, 2, null),
(10, 47, 3, null),
(11, 22, 2, null),
(11, 28, 2, null),
(11, 37, 2, null),
(11, 44, 2, null),
(11, 52, 3, null),
(12, 42, 1, null),
(12, 57, 1, null),
(13, 56, 1, null),
(13, 55, 1, null),
(13, 40, 2, null),
(13, 34, 1, null),
(16, 52, 2, null),
(16, 53, 2, null),
(16, 54, 4, null),
(16, 40, 3, null),
(16, 30, 2, null);